SqmaQyh, SqmaQyhlzPB5Q2ndLwceMMQHwza0DBu
aHXNlG6, aHXNlG6BqUWmfHIfo5wtupYHMejQ4Va
fuZSoYH, fuZSoYHNDUV2GXS9ZRVtwoKzxpCIiMq
PJkLdLV, PJkLdLVYMk3n0jabFYdFZDIeJfXc3CZ
sGn2CCS, sGn2CCS40fxhKxcXpfpykiO6nABk4iR
fGhhckX, fGhhckXS2CXn1nkLkBiDfzgPrlDo18G
P44sF7z, P44sF7zMSbr25Rdr1s9HZuaQexd8U5g
CexaOPR, CexaOPRGlXeRZDePJ77eIMQoG3CdZ3A
AB2MFuU, AB2MFuUIcfUS8X8TRU31SyNLtCtFqu9
AtE27Uy, AtE27UyXMF2yUjqxpbil3Vuccszz4aX
Bn4WN80, Bn4WN80FByTCzADPwbHp2UyHyNiUPBo
Fo9zd1s, Fo9zd1sqA6G1OeRwPhPoQ1P792lW4bI
sMZKHSd, sMZKHSd4KoNmsG7e50d7im27LDMKIEK
GSEbgdy, GSEbgdyMcmEU23rwqSfNU9gAN1Q0eHL
hRN8wiQ, hRN8wiQV0TKBFAynN3yThBN5D1ra1np
iLzMWSK, iLzMWSKchMV7TvYOZg5sjr9b9Ip7T5j
gRJ1J3U, gRJ1J3UwEY28XTOkd8lxze9rYuhNxkL
5gjHvhJ, 5gjHvhJQFSix44wxPYKE9CuZSjQdSwL
LTuk8S8, LTuk8S8TKBshHOyCohdhV1giUxQUqTI
21tzOkb, 21tzOkb5WQtCVmVcpbmOs1lmqobalCR
5syQ0td, 5syQ0td1gWESsFFknNjA6PWkdTFDkuA
l7qTmjZ, l7qTmjZ4rja7Ww24X6IqcfZWtUmzuip
OA3mM4u, OA3mM4uOlyCHEpViLyFiN9cMC7n9qcN
v4TsXeW, v4TsXeWGzr0MySIx2EwqVahXESkxt75
QyzPCap, QyzPCapFL4eHTrgpR3wlzwpTmlShjm3
YT3ZrmT, YT3ZrmTehJm8EQlAHc7RaZo39XUlaLf
tNwBl1i, tNwBl1iPEMqPSKbbtqohj9EXKY9W6kb
qHUf2ku, qHUf2kuStopGo2sjQeSJBdbrrr6eIDA
1EiUgpZ, 1EiUgpZni9hBWTcFOm10OpBPh6hSU9S
lVQPcNT, lVQPcNTdVi6YIaFk4z4cm5gA7LzJdxs
g8X7gfb, g8X7gfbKrXmXYk6qvN2FKUDPmgzPq5P
GJwftMk, GJwftMkNvrHdsaxYi5RsUQRerz7Mcfu
L9CNYNf, L9CNYNfXC5WeAnkySzdU0RCEgxa5IRo
Zf2tTJS, Zf2tTJSZj1pS5WuocUzfWUXc3Y0FWVw
280Fnhf, 280FnhfK8EpLQNT7GIeY08KTKE8FWJe
LTMpKFj, LTMpKFjp21lZ4iXYJPD4wxv12YHp5uu
bL9TFoU, bL9TFoUQO530lL51r8L0GsWoZp9tStB
2jFy6gT, 2jFy6gTyaCE7SaawFC7nQUUJIdM3ObW
L6OgdMO, L6OgdMOqb78jcJvVkF9goaSDh3sRvvt
xYc6TZG, xYc6TZGGMLOhPFUWya6YaoRD20nZTVK
L1sVL4s, L1sVL4ssRQoQavMhGU73cUv9Rq1NLFp
Y7QFIDw, Y7QFIDwdVonX68bOwZptf3yWfNjB64A
Y9cx52b, Y9cx52bCrHyvMRCX2SBS8J0rMMaxpVh
kHxxLXd, kHxxLXdq4dhwvKsPaByR4Wefb59kg62
y4rBbXm, y4rBbXmGxU0Dc9GlHhIIVwFKNdzTRaH
HFgJtef, HFgJtefsPiECYyDNZTrIhjl9qNQpPRw
Gwxj13a, Gwxj13a2jw0CM3kELYVEkxHmd818GO5
GcZPWOu, GcZPWOubYmZhDNRq1P8ifyQspBzph51
aD2jJA0, aD2jJA039JpR9XuLslUQKtGZi7O7yIr
yjbOyw2, yjbOyw279njwUvnubsuHflTU9com05i
