dRODnMG, dRODnMG6xIwiAvXKXHTylxH1SqODN7L
KwMSVfj, KwMSVfjkQ8gB4bW68rAlpScToxgDIC5
sOpIL0J, sOpIL0JOPgdZZb24xS6XiWgUO34Ql4o
uS5gXOy, uS5gXOyPAznsyKN3WGD8kX3Lp4Pszo1
iHFuEkz, iHFuEkzipd1zFkETEMYsorE46qbYpyz
xdJaqqK, xdJaqqK3d9FZiRAh3FgEr3PUF5POlt2
MTKin5R, MTKin5R6rCFVDB99bPXsZGtxgRzPyJk
QPXBDCI, QPXBDCIfY7PydnDbxCYADtYTAcR7j7a
FB3h0nr, FB3h0nrjNjuzTKl3R7oJoRcfkQDsVol
cgjggLP, cgjggLP4BfuCr7EGQuVPwZgFEsBF2hB
cA6COZt, cA6COZtJ1Wu8d6GCevaJd5VWiyd0ExQ
hpc4Avq, hpc4AvqzP6nWupvYH5aieQYhf6Paza0
fUX0LPh, fUX0LPhFkhAJOICby3AT0ARNT61RZY5
3YQHiWJ, 3YQHiWJ2XtyJQwagTt3YgpkVAaeTh3z
Xlhr71m, Xlhr71mdrgwUZoDWbS5i44OPJV3wnOL
du1XsQm, du1XsQmeGr3T9U8OR1WgAtksMrdRR6D
vJY4pHL, vJY4pHLTocURoRN540H0n4quGoPYDDw
jB4ktMJ, jB4ktMJexXriBWfP5TjiqjSNIDkVuhV
Bff6xgC, Bff6xgCAVKRAHLRsseBpmbGy5ORfvzC
LQwrAWl, LQwrAWlKyhZeda2vSPwtqSKR72ZabvU
oayNQ5h, oayNQ5hZubAS5Q7b1jqfPk9YOsxicik
h8ZNP9w, h8ZNP9wO13Mk8Gx3lgXDjwZlXOIRQEG
CEwFFhW, CEwFFhWqtLUxvWQoxCphwJbH1DCs8mU
vU0PW0o, vU0PW0oWllXNUvP4uRlBUUtvf00cUEX
HJslCHe, HJslCHe9hog4oV2446gGlMPIZxNSNEv
2AjnZGu, 2AjnZGuFcBBSxKZBLuxXSHMDz09vIEu
myGQIc3, myGQIc3jxb4ldB56Mv5XLoz9tnuvGWL
yJ7HWqO, yJ7HWqOJpUttHb6uo5zSDTdA6BXLuJq
hDw9u9L, hDw9u9LTHhRq6Do2x942vX9os8s87xl
3Od24Nh, 3Od24NhqRKpe7QdProvkbuCU604q35F
X9hAPXC, X9hAPXCaTeLcWFLRywQwfKwXcZDvjIg
x85dWtR, x85dWtRZerX6pg4F3IzK8jWB8qyINnr
AlRdrnK, AlRdrnKnBGhwr444CI1PQMkGs4qvBM3
7M0ZQaR, 7M0ZQaRDTqFw1YvJETjCZFiuko4b2Xj
OqIma8I, OqIma8ITqkcX2CGKyO5Zf7b7VZ2lTsX
ZztIGNl, ZztIGNlL15FbYRtsDgi2yajNB27UxF5
Fbx0Vbl, Fbx0VblRoHfyvj0myRwmrvYl1OJfaV7
WYN9KEq, WYN9KEqvWSXWdTWDgfHJ2O4FIorurGy
n8lHKDP, n8lHKDPoxk7nZaHdwQg8wA67ccFHC5w
ljIWMbl, ljIWMbluy7xaebOvrgRC6GmF6yp6I9P
0loWmxD, 0loWmxDL2vmsTSz2deWAhjCQAdjjrNI
VlWXM4S, VlWXM4SiWBXT64E3XTfidS8xAJFme5p
TYQSpxf, TYQSpxfVs7xnmKKTkJySX6yP0UbeW5B
UOKvIZT, UOKvIZT0Xm4ahLjjDmEDryfSbLy4f0b
d2dt96M, d2dt96MiTpaF5ha3ld2omKsXb3TkGI1
DwnyrYm, DwnyrYmUUQMbQ3zUqYRk6vuLHejgRRd
Iyv2O7l, Iyv2O7ltJZmQXxvn5Sq94Jv3zaP1Rz5
D3lwewm, D3lwewmz3Wg5KmyBTX7rNFpzxnLwSz4
dPdIY2A, dPdIY2ASZLNklMVIi0qMCDDVU5BJRga
sGAxxGq, sGAxxGq0yr7tfUJsueFndz6xIirQgY8
