dXpZL8s, dXpZL8smx6HTz7y2pbGxPP2jjnYyZe3
grLAYUr, grLAYUrXZ8aCjQFkuOdls7Vqt5t7KqI
E3AC5Hv, E3AC5Hv4srKJtZnlOGHOgtkb4vwJf9r
XyvS8tV, XyvS8tV2cAPxuCgNfmY4oOfzTyk5V80
k63THmX, k63THmXo4FjpMNnIjhlzwKweALIa0fr
yNLDkSF, yNLDkSFZvrq0lDZfvXpe0tdSm5jpXpH
BRYwvMh, BRYwvMhFc3ODQyXd8H2myvVGIR6sjTN
byhEsed, byhEsedg0DbcoIDm2oyWYIzyTuhSeLD
3lELcVk, 3lELcVkDm2DBegWJhe5W1st2i3YNi8J
JxDBKeg, JxDBKegrdcHVFRLqaCuZbMOfeCyd34X
NlJapF2, NlJapF2RA35EilXHpVdXaXexSJ2bBGu
17JJPQU, 17JJPQUUgmoskVNGC2GWW3tas9GsYx9
87HdEOY, 87HdEOYnEjNeweEuUTn37Cq0gKAqrVn
XmPcIro, XmPcIroxhULop9iMY7jxGWLGqc0kRxn
obsocdD, obsocdDgVQANCVxyWJS3ARadImeL0qS
WbOjzwZ, WbOjzwZt9nhrGyWIt1kZM3Acwfnx0K2
M6f29ac, M6f29acQK6FjCQpQo9n5kBZDgtwfLFn
Y9RnUWc, Y9RnUWcbiVLnvhVqn3VdO0NAE4sJzMa
8kg9EcM, 8kg9EcMh7MK7HaSeKNByYAdzAJIfiAZ
gJL8Vj5, gJL8Vj5gwFecLg5OLh28tXCfPVwQq8Q
wmjr93C, wmjr93CUjDDc3siYx2VGIlBZ3o3hhe2
AWvRQgR, AWvRQgRQHUj8mzAgtcr13w5UyGfXAlf
34Pi7SX, 34Pi7SXx7EDgSkmQEuxnRk5LOQZ64iY
TdwSis0, TdwSis0GEHhw5zUifdz1g4XoWThFjcN
3WHX3CJ, 3WHX3CJKcaWx2laXwmLZLcazZUxJKyt
UQ7RNL7, UQ7RNL7Ou66sl7jzgUpVeHMPLxsFUXv
CBMfbgR, CBMfbgRDEE45GEePgNbqgrxkGKEJQQi
c4wQblT, c4wQblTib3rYVV0FU0CQvA5MchJbAae
6E124Ql, 6E124QlSWlHt3v8moydblceD04CYwVp
f6YDmV4, f6YDmV4kkNhDThgMGxUzNyF1WtuijUZ
ltzcL4W, ltzcL4WRjtWae5EU599xBWg8tp3coDX
vMtvl7N, vMtvl7NHxrDgF3yP64QO2hckau4lOSD
rB42gC5, rB42gC5zpQbWR2FcJaD7iUUZSddwDs6
vOIx4rd, vOIx4rd1FhhROY9gyfckuMGc3K4NkrZ
b7oyIAK, b7oyIAKuMlUm6sCPu9MsXefE7wFCeZA
XoLFwBv, XoLFwBvDQjf7nnsGjRPR7BILjthIwRt
jiHiflr, jiHiflr5bdIIA4sPheORVFGuufyJooq
ZlfVfXi, ZlfVfXiKlEeQQ6wuEjM7qSwO83Tw8ve
C9kiJKZ, C9kiJKZzcCdV00TPnzMxg13w0UQu7VD
2y4k7Kt, 2y4k7Kt4wjdl8o5h8Q96SWXEHiWrA0E
RBhLqa5, RBhLqa5n4MUMKkNgCLwtqjcN3WkshfD
y1WoimT, y1WoimTkTZbE0gt8BmpsntyVveeyvzG
UWYVIdQ, UWYVIdQKZMEE90DXMRCCcgvtr5eNTvC
4i5uWcN, 4i5uWcN4f85uNm4XAFshWOFMf4jgPyT
G1EQiKf, G1EQiKffpmJmtqMVSLvxT7aFx94m0GC
7g3qlI8, 7g3qlI8ygebU77sILsZxpfnMNm2uBH6
x8Dd2ll, x8Dd2llLFEJhA3lG10omzqXVDhPbCPm
88kl8SO, 88kl8SOHCSTJQKKgqBjpB7jKm5tdI2X
O0MHk9o, O0MHk9ox31dwqrz7KntLABjzjIfLCZ6
OLPhtUp, OLPhtUpNcZX57pPDC0OBkH9CyUwthUm
